id,class
0.jpg,dog
1.jpg,horse
10.jpg,dog
100.jpg,spider
1000.jpg,elephant
1001.jpg,horse
1002.jpg,dog
1003.jpg,spider
1004.jpg,dog
1005.jpg,butterfly
1006.jpg,sheep
1007.jpg,chicken
1008.jpg,dog
1009.jpg,horse
101.jpg,spider
1010.jpg,butterfly
1011.jpg,elephant
1012.jpg,spider
1013.jpg,spider
1014.jpg,cow
1015.jpg,cat
1016.jpg,butterfly
1017.jpg,butterfly
1018.jpg,cat
1019.jpg,chicken
102.jpg,chicken
1020.jpg,horse
1021.jpg,horse
1022.jpg,chicken
1023.jpg,butterfly
1024.jpg,elephant
1025.jpg,dog
1026.jpg,elephant
1027.jpg,sheep
1028.jpg,elephant
1029.jpg,dog
103.jpg,spider
1030.jpg,butterfly
1031.jpg,cow
1032.jpg,spider
1033.jpg,spider
1034.jpg,horse
1035.jpg,sheep
1036.jpg,chicken
1037.jpg,spider
1038.jpg,dog
1039.jpg,sheep
104.jpg,dog
1040.jpg,chicken
1041.jpg,sheep
1042.jpg,cat
1043.jpg,horse
1044.jpg,spider
1045.jpg,spider
1046.jpg,chicken
1047.jpg,elephant
1048.jpg,spider
1049.jpg,chicken
105.jpg,horse
1050.jpg,dog
1051.jpg,cow
1052.jpg,spider
1053.jpg,dog
1054.jpg,horse
1055.jpg,spider
1056.jpg,cat
1057.jpg,sheep
1058.jpg,spider
1059.jpg,cow
106.jpg,squirrel
1060.jpg,cat
1061.jpg,chicken
1062.jpg,dog
1063.jpg,spider
1064.jpg,horse
1065.jpg,chicken
1066.jpg,dog
1067.jpg,spider
1068.jpg,chicken
1069.jpg,dog
107.jpg,sheep
1070.jpg,sheep
1071.jpg,chicken
1072.jpg,dog
1073.jpg,butterfly
1074.jpg,chicken
1075.jpg,squirrel
1076.jpg,chicken
1077.jpg,dog
1078.jpg,dog
1079.jpg,cat
108.jpg,dog
1080.jpg,spider
1081.jpg,horse
1082.jpg,butterfly
1083.jpg,dog
1084.jpg,cat
1085.jpg,spider
1086.jpg,chicken
1087.jpg,dog
1088.jpg,spider
1089.jpg,elephant
109.jpg,sheep
1090.jpg,dog
1091.jpg,sheep
1092.jpg,chicken
1093.jpg,spider
1094.jpg,butterfly
1095.jpg,dog
1096.jpg,chicken
1097.jpg,cat
1098.jpg,squirrel
1099.jpg,squirrel
11.jpg,horse
110.jpg,cat
1100.jpg,chicken
1101.jpg,elephant
1102.jpg,cow
1103.jpg,dog
1104.jpg,chicken
1105.jpg,spider
1106.jpg,cow
1107.jpg,sheep
1108.jpg,cow
1109.jpg,butterfly
111.jpg,horse
1110.jpg,sheep
1111.jpg,chicken
1112.jpg,butterfly
1113.jpg,chicken
1114.jpg,butterfly
1115.jpg,dog
1116.jpg,chicken
1117.jpg,elephant
1118.jpg,spider
1119.jpg,chicken
112.jpg,dog
1120.jpg,butterfly
1121.jpg,sheep
1122.jpg,spider
1123.jpg,chicken
1124.jpg,dog
1125.jpg,cow
1126.jpg,spider
1127.jpg,squirrel
1128.jpg,dog
1129.jpg,cat
113.jpg,chicken
1130.jpg,chicken
1131.jpg,spider
1132.jpg,spider
1133.jpg,spider
1134.jpg,chicken
1135.jpg,spider
1136.jpg,horse
1137.jpg,butterfly
1138.jpg,horse
1139.jpg,dog
114.jpg,dog
1140.jpg,cat
1141.jpg,chicken
1142.jpg,spider
1143.jpg,cow
1144.jpg,sheep
1145.jpg,sheep
1146.jpg,spider
1147.jpg,spider
1148.jpg,butterfly
1149.jpg,elephant
115.jpg,chicken
1150.jpg,spider
1151.jpg,dog
1152.jpg,cow
1153.jpg,spider
1154.jpg,butterfly
1155.jpg,dog
1156.jpg,horse
1157.jpg,dog
1158.jpg,sheep
1159.jpg,squirrel
116.jpg,sheep
1160.jpg,spider
1161.jpg,cat
1162.jpg,dog
1163.jpg,elephant
1164.jpg,sheep
1165.jpg,butterfly
1166.jpg,spider
1167.jpg,chicken
1168.jpg,chicken
1169.jpg,sheep
117.jpg,sheep
1170.jpg,sheep
1171.jpg,squirrel
1172.jpg,elephant
1173.jpg,squirrel
1174.jpg,spider
1175.jpg,horse
1176.jpg,dog
1177.jpg,spider
1178.jpg,chicken
1179.jpg,horse
118.jpg,chicken
1180.jpg,horse
1181.jpg,spider
1182.jpg,spider
1183.jpg,spider
1184.jpg,elephant
1185.jpg,butterfly
1186.jpg,dog
1187.jpg,chicken
1188.jpg,butterfly
1189.jpg,dog
119.jpg,dog
1190.jpg,sheep
1191.jpg,butterfly
1192.jpg,cow
1193.jpg,cat
1194.jpg,horse
1195.jpg,spider
1196.jpg,horse
1197.jpg,horse
1198.jpg,horse
1199.jpg,chicken
12.jpg,dog
120.jpg,spider
1200.jpg,horse
1201.jpg,horse
1202.jpg,spider
1203.jpg,squirrel
1204.jpg,spider
1205.jpg,chicken
1206.jpg,chicken
1207.jpg,cow
1208.jpg,horse
1209.jpg,horse
121.jpg,squirrel
1210.jpg,sheep
1211.jpg,chicken
1212.jpg,chicken
1213.jpg,cat
1214.jpg,butterfly
1215.jpg,dog
1216.jpg,spider
1217.jpg,dog
1218.jpg,dog
1219.jpg,spider
122.jpg,spider
1220.jpg,dog
1221.jpg,sheep
1222.jpg,horse
1223.jpg,dog
1224.jpg,chicken
1225.jpg,butterfly
1226.jpg,dog
1227.jpg,spider
1228.jpg,dog
1229.jpg,cat
123.jpg,cat
1230.jpg,chicken
1231.jpg,spider
1232.jpg,spider
1233.jpg,spider
1234.jpg,spider
1235.jpg,butterfly
1236.jpg,butterfly
1237.jpg,dog
1238.jpg,chicken
1239.jpg,sheep
124.jpg,dog
1240.jpg,cat
1241.jpg,dog
1242.jpg,cat
1243.jpg,spider
1244.jpg,dog
1245.jpg,chicken
1246.jpg,squirrel
1247.jpg,horse
1248.jpg,dog
1249.jpg,chicken
125.jpg,spider
1250.jpg,dog
1251.jpg,cat
1252.jpg,horse
1253.jpg,butterfly
1254.jpg,butterfly
1255.jpg,chicken
1256.jpg,cat
1257.jpg,squirrel
1258.jpg,chicken
1259.jpg,chicken
126.jpg,sheep
1260.jpg,spider
1261.jpg,sheep
1262.jpg,cow
1263.jpg,squirrel
1264.jpg,squirrel
1265.jpg,cow
1266.jpg,dog
1267.jpg,chicken
1268.jpg,dog
1269.jpg,spider
127.jpg,spider
1270.jpg,cat
1271.jpg,dog
1272.jpg,sheep
1273.jpg,spider
1274.jpg,dog
1275.jpg,cow
1276.jpg,dog
1277.jpg,cat
1278.jpg,chicken
1279.jpg,chicken
128.jpg,cat
1280.jpg,spider
1281.jpg,cat
1282.jpg,cow
1283.jpg,sheep
1284.jpg,chicken
1285.jpg,butterfly
1286.jpg,sheep
1287.jpg,spider
1288.jpg,dog
1289.jpg,dog
129.jpg,sheep
1290.jpg,dog
1291.jpg,dog
1292.jpg,horse
1293.jpg,horse
1294.jpg,chicken
1295.jpg,butterfly
1296.jpg,squirrel
1297.jpg,sheep
1298.jpg,spider
1299.jpg,spider
13.jpg,chicken
130.jpg,horse
1300.jpg,cow
1301.jpg,sheep
1302.jpg,butterfly
1303.jpg,squirrel
1304.jpg,chicken
1305.jpg,spider
1306.jpg,dog
1307.jpg,sheep
1308.jpg,butterfly
1309.jpg,horse
131.jpg,spider
1310.jpg,squirrel
1311.jpg,butterfly
1312.jpg,spider
1313.jpg,spider
1314.jpg,chicken
1315.jpg,chicken
1316.jpg,spider
1317.jpg,cat
1318.jpg,spider
1319.jpg,spider
132.jpg,cat
1320.jpg,dog
1321.jpg,spider
1322.jpg,chicken
1323.jpg,sheep
1324.jpg,cow
1325.jpg,horse
1326.jpg,spider
1327.jpg,dog
1328.jpg,elephant
1329.jpg,chicken
133.jpg,sheep
1330.jpg,spider
1331.jpg,elephant
1332.jpg,butterfly
1333.jpg,dog
1334.jpg,spider
1335.jpg,butterfly
1336.jpg,butterfly
1337.jpg,elephant
1338.jpg,squirrel
1339.jpg,butterfly
134.jpg,chicken
1340.jpg,spider
1341.jpg,butterfly
1342.jpg,spider
1343.jpg,horse
1344.jpg,dog
1345.jpg,spider
1346.jpg,butterfly
1347.jpg,horse
1348.jpg,cat
1349.jpg,sheep
135.jpg,spider
1350.jpg,butterfly
1351.jpg,horse
1352.jpg,horse
1353.jpg,horse
1354.jpg,squirrel
1355.jpg,dog
1356.jpg,spider
1357.jpg,dog
1358.jpg,squirrel
1359.jpg,spider
136.jpg,horse
1360.jpg,cow
1361.jpg,cat
1362.jpg,horse
1363.jpg,spider
1364.jpg,butterfly
1365.jpg,dog
1366.jpg,horse
1367.jpg,elephant
1368.jpg,spider
1369.jpg,chicken
137.jpg,chicken
1370.jpg,spider
1371.jpg,squirrel
1372.jpg,spider
1373.jpg,horse
1374.jpg,spider
1375.jpg,spider
1376.jpg,cow
1377.jpg,chicken
1378.jpg,dog
1379.jpg,cat
138.jpg,cow
1380.jpg,spider
1381.jpg,dog
1382.jpg,dog
1383.jpg,chicken
1384.jpg,dog
1385.jpg,spider
1386.jpg,spider
1387.jpg,squirrel
1388.jpg,cow
1389.jpg,dog
139.jpg,spider
1390.jpg,cow
1391.jpg,spider
1392.jpg,sheep
1393.jpg,dog
1394.jpg,dog
1395.jpg,chicken
1396.jpg,butterfly
1397.jpg,dog
1398.jpg,spider
1399.jpg,butterfly
14.jpg,horse
140.jpg,elephant
1400.jpg,chicken
1401.jpg,dog
1402.jpg,horse
1403.jpg,dog
1404.jpg,spider
1405.jpg,chicken
1406.jpg,spider
1407.jpg,squirrel
1408.jpg,horse
1409.jpg,elephant
141.jpg,dog
1410.jpg,cow
1411.jpg,horse
1412.jpg,butterfly
1413.jpg,spider
1414.jpg,sheep
1415.jpg,dog
1416.jpg,dog
1417.jpg,chicken
1418.jpg,cow
1419.jpg,chicken
142.jpg,butterfly
1420.jpg,spider
1421.jpg,sheep
1422.jpg,dog
1423.jpg,butterfly
1424.jpg,dog
1425.jpg,dog
1426.jpg,chicken
1427.jpg,dog
1428.jpg,cow
1429.jpg,cat
143.jpg,spider
1430.jpg,horse
1431.jpg,cow
1432.jpg,horse
1433.jpg,cow
1434.jpg,horse
1435.jpg,squirrel
1436.jpg,dog
1437.jpg,chicken
1438.jpg,spider
1439.jpg,spider
144.jpg,dog
1440.jpg,dog
1441.jpg,butterfly
1442.jpg,horse
1443.jpg,spider
1444.jpg,dog
1445.jpg,dog
1446.jpg,horse
1447.jpg,butterfly
1448.jpg,sheep
1449.jpg,spider
145.jpg,elephant
1450.jpg,horse
1451.jpg,dog
1452.jpg,squirrel
1453.jpg,cat
1454.jpg,butterfly
1455.jpg,chicken
1456.jpg,chicken
1457.jpg,spider
1458.jpg,spider
1459.jpg,cow
146.jpg,horse
1460.jpg,chicken
1461.jpg,horse
1462.jpg,sheep
1463.jpg,sheep
1464.jpg,cow
1465.jpg,dog
1466.jpg,dog
1467.jpg,spider
1468.jpg,spider
1469.jpg,butterfly
147.jpg,sheep
1470.jpg,dog
1471.jpg,chicken
1472.jpg,dog
1473.jpg,chicken
1474.jpg,elephant
1475.jpg,dog
1476.jpg,horse
1477.jpg,spider
1478.jpg,horse
1479.jpg,spider
148.jpg,elephant
1480.jpg,dog
1481.jpg,dog
1482.jpg,spider
1483.jpg,spider
1484.jpg,horse
1485.jpg,horse
1486.jpg,dog
1487.jpg,spider
1488.jpg,cat
1489.jpg,cat
149.jpg,cow
1490.jpg,dog
1491.jpg,chicken
1492.jpg,cat
1493.jpg,spider
1494.jpg,spider
1495.jpg,chicken
1496.jpg,cow
1497.jpg,cat
1498.jpg,chicken
1499.jpg,dog
15.jpg,chicken
150.jpg,spider
1500.jpg,cow
1501.jpg,chicken
1502.jpg,chicken
1503.jpg,sheep
1504.jpg,chicken
1505.jpg,elephant
1506.jpg,elephant
1507.jpg,butterfly
1508.jpg,horse
1509.jpg,chicken
151.jpg,dog
1510.jpg,horse
1511.jpg,sheep
1512.jpg,cat
1513.jpg,elephant
1514.jpg,spider
1515.jpg,elephant
1516.jpg,squirrel
1517.jpg,horse
1518.jpg,spider
1519.jpg,sheep
152.jpg,horse
1520.jpg,butterfly
1521.jpg,chicken
1522.jpg,horse
1523.jpg,chicken
1524.jpg,dog
1525.jpg,elephant
1526.jpg,spider
1527.jpg,horse
1528.jpg,horse
1529.jpg,sheep
153.jpg,cat
1530.jpg,spider
1531.jpg,sheep
1532.jpg,spider
1533.jpg,dog
1534.jpg,elephant
1535.jpg,cow
1536.jpg,sheep
1537.jpg,squirrel
1538.jpg,dog
1539.jpg,chicken
154.jpg,dog
1540.jpg,sheep
1541.jpg,dog
1542.jpg,spider
1543.jpg,spider
1544.jpg,butterfly
1545.jpg,chicken
1546.jpg,butterfly
1547.jpg,dog
1548.jpg,cat
1549.jpg,horse
155.jpg,horse
1550.jpg,cow
1551.jpg,spider
1552.jpg,chicken
1553.jpg,sheep
1554.jpg,cat
1555.jpg,chicken
1556.jpg,spider
1557.jpg,sheep
1558.jpg,spider
1559.jpg,spider
156.jpg,horse
1560.jpg,spider
1561.jpg,butterfly
1562.jpg,cow
1563.jpg,cow
1564.jpg,elephant
1565.jpg,elephant
1566.jpg,chicken
1567.jpg,dog
1568.jpg,horse
1569.jpg,chicken
157.jpg,elephant
1570.jpg,spider
1571.jpg,spider
1572.jpg,chicken
1573.jpg,dog
1574.jpg,dog
1575.jpg,dog
1576.jpg,spider
1577.jpg,elephant
1578.jpg,chicken
1579.jpg,horse
158.jpg,spider
1580.jpg,squirrel
1581.jpg,spider
1582.jpg,horse
1583.jpg,horse
1584.jpg,spider
1585.jpg,spider
1586.jpg,spider
1587.jpg,spider
1588.jpg,squirrel
1589.jpg,spider
159.jpg,elephant
1590.jpg,horse
1591.jpg,spider
1592.jpg,butterfly
1593.jpg,dog
1594.jpg,butterfly
1595.jpg,spider
1596.jpg,horse
1597.jpg,cow
1598.jpg,spider
1599.jpg,cow
16.jpg,horse
160.jpg,dog
1600.jpg,sheep
1601.jpg,dog
1602.jpg,squirrel
1603.jpg,sheep
1604.jpg,dog
1605.jpg,chicken
1606.jpg,butterfly
1607.jpg,sheep
1608.jpg,sheep
1609.jpg,spider
161.jpg,chicken
1610.jpg,cat
1611.jpg,dog
1612.jpg,horse
1613.jpg,spider
1614.jpg,cat
1615.jpg,chicken
1616.jpg,spider
1617.jpg,elephant
1618.jpg,cat
1619.jpg,chicken
162.jpg,butterfly
1620.jpg,spider
1621.jpg,cow
1622.jpg,chicken
1623.jpg,elephant
1624.jpg,dog
1625.jpg,horse
1626.jpg,chicken
1627.jpg,spider
1628.jpg,spider
1629.jpg,butterfly
163.jpg,cow
1630.jpg,squirrel
1631.jpg,sheep
1632.jpg,spider
1633.jpg,horse
1634.jpg,sheep
1635.jpg,spider
1636.jpg,dog
1637.jpg,dog
1638.jpg,dog
1639.jpg,dog
164.jpg,elephant
1640.jpg,butterfly
1641.jpg,horse
1642.jpg,chicken
1643.jpg,elephant
1644.jpg,dog
1645.jpg,cow
1646.jpg,sheep
1647.jpg,dog
1648.jpg,dog
1649.jpg,chicken
165.jpg,horse
1650.jpg,cat
1651.jpg,cow
1652.jpg,chicken
1653.jpg,dog
1654.jpg,butterfly
1655.jpg,horse
1656.jpg,dog
1657.jpg,spider
1658.jpg,sheep
1659.jpg,chicken
166.jpg,cow
1660.jpg,spider
1661.jpg,squirrel
1662.jpg,chicken
1663.jpg,dog
1664.jpg,sheep
1665.jpg,elephant
1666.jpg,butterfly
1667.jpg,cat
1668.jpg,spider
1669.jpg,chicken
167.jpg,spider
1670.jpg,horse
1671.jpg,chicken
1672.jpg,cow
1673.jpg,sheep
1674.jpg,spider
1675.jpg,chicken
1676.jpg,dog
1677.jpg,butterfly
1678.jpg,dog
1679.jpg,butterfly
168.jpg,dog
1680.jpg,horse
1681.jpg,sheep
1682.jpg,sheep
1683.jpg,chicken
1684.jpg,chicken
1685.jpg,dog
1686.jpg,spider
1687.jpg,elephant
1688.jpg,chicken
1689.jpg,sheep
169.jpg,cat
1690.jpg,cow
1691.jpg,sheep
1692.jpg,cow
1693.jpg,dog
1694.jpg,dog
1695.jpg,horse
1696.jpg,horse
1697.jpg,spider
1698.jpg,chicken
1699.jpg,dog
17.jpg,dog
170.jpg,butterfly
1700.jpg,cat
1701.jpg,cat
1702.jpg,sheep
1703.jpg,chicken
1704.jpg,chicken
1705.jpg,spider
1706.jpg,cat
1707.jpg,cow
1708.jpg,dog
1709.jpg,chicken
171.jpg,dog
1710.jpg,spider
1711.jpg,butterfly
1712.jpg,chicken
1713.jpg,spider
1714.jpg,spider
1715.jpg,dog
1716.jpg,spider
1717.jpg,spider
1718.jpg,squirrel
1719.jpg,chicken
172.jpg,spider
1720.jpg,squirrel
1721.jpg,cat
1722.jpg,cat
1723.jpg,cat
1724.jpg,cow
1725.jpg,chicken
1726.jpg,dog
1727.jpg,chicken
1728.jpg,spider
1729.jpg,butterfly
173.jpg,cat
1730.jpg,dog
1731.jpg,chicken
1732.jpg,horse
1733.jpg,spider
1734.jpg,spider
1735.jpg,spider
1736.jpg,spider
1737.jpg,chicken
1738.jpg,chicken
1739.jpg,spider
174.jpg,dog
1740.jpg,cat
1741.jpg,dog
1742.jpg,sheep
1743.jpg,spider
1744.jpg,elephant
1745.jpg,cow
1746.jpg,spider
1747.jpg,horse
1748.jpg,dog
1749.jpg,chicken
175.jpg,butterfly
1750.jpg,spider
1751.jpg,cow
1752.jpg,sheep
1753.jpg,butterfly
1754.jpg,sheep
1755.jpg,elephant
1756.jpg,butterfly
1757.jpg,spider
1758.jpg,chicken
1759.jpg,spider
176.jpg,horse
1760.jpg,elephant
1761.jpg,butterfly
1762.jpg,horse
1763.jpg,chicken
1764.jpg,butterfly
1765.jpg,dog
1766.jpg,butterfly
1767.jpg,cat
1768.jpg,dog
1769.jpg,squirrel
177.jpg,horse
1770.jpg,horse
1771.jpg,dog
1772.jpg,cat
1773.jpg,cow
1774.jpg,elephant
1775.jpg,spider
1776.jpg,horse
1777.jpg,dog
1778.jpg,sheep
1779.jpg,chicken
178.jpg,dog
1780.jpg,cat
1781.jpg,sheep
1782.jpg,sheep
1783.jpg,butterfly
1784.jpg,elephant
1785.jpg,spider
1786.jpg,dog
1787.jpg,elephant
1788.jpg,spider
1789.jpg,elephant
179.jpg,elephant
1790.jpg,cat
1791.jpg,cat
1792.jpg,chicken
1793.jpg,chicken
1794.jpg,chicken
1795.jpg,horse
1796.jpg,chicken
1797.jpg,spider
1798.jpg,dog
1799.jpg,chicken
18.jpg,dog
180.jpg,cow
1800.jpg,dog
1801.jpg,sheep
1802.jpg,dog
1803.jpg,cow
1804.jpg,cat
1805.jpg,chicken
1806.jpg,spider
1807.jpg,squirrel
1808.jpg,cat
1809.jpg,spider
181.jpg,horse
1810.jpg,spider
1811.jpg,squirrel
1812.jpg,dog
1813.jpg,cow
1814.jpg,squirrel
1815.jpg,spider
1816.jpg,chicken
1817.jpg,dog
1818.jpg,sheep
1819.jpg,chicken
182.jpg,sheep
1820.jpg,cat
1821.jpg,cat
1822.jpg,spider
1823.jpg,butterfly
1824.jpg,sheep
1825.jpg,butterfly
1826.jpg,cat
1827.jpg,sheep
1828.jpg,chicken
1829.jpg,horse
183.jpg,sheep
1830.jpg,spider
1831.jpg,spider
1832.jpg,spider
1833.jpg,cow
1834.jpg,squirrel
1835.jpg,butterfly
1836.jpg,cow
1837.jpg,horse
1838.jpg,cow
1839.jpg,butterfly
184.jpg,cat
1840.jpg,butterfly
1841.jpg,spider
1842.jpg,spider
1843.jpg,cow
1844.jpg,dog
1845.jpg,dog
1846.jpg,spider
1847.jpg,dog
1848.jpg,spider
1849.jpg,spider
185.jpg,elephant
1850.jpg,butterfly
1851.jpg,horse
1852.jpg,spider
1853.jpg,elephant
1854.jpg,dog
1855.jpg,spider
1856.jpg,spider
1857.jpg,sheep
1858.jpg,horse
1859.jpg,dog
186.jpg,elephant
1860.jpg,butterfly
1861.jpg,spider
1862.jpg,dog
1863.jpg,dog
1864.jpg,dog
1865.jpg,sheep
1866.jpg,spider
1867.jpg,dog
1868.jpg,spider
1869.jpg,sheep
187.jpg,dog
1870.jpg,butterfly
1871.jpg,cow
1872.jpg,dog
1873.jpg,cat
1874.jpg,spider
1875.jpg,spider
1876.jpg,chicken
1877.jpg,cat
1878.jpg,spider
1879.jpg,dog
188.jpg,dog
1880.jpg,spider
1881.jpg,spider
1882.jpg,horse
1883.jpg,horse
1884.jpg,butterfly
1885.jpg,spider
1886.jpg,horse
1887.jpg,spider
1888.jpg,dog
1889.jpg,squirrel
189.jpg,dog
1890.jpg,cat
1891.jpg,spider
1892.jpg,cat
1893.jpg,cat
1894.jpg,chicken
1895.jpg,spider
1896.jpg,dog
1897.jpg,chicken
1898.jpg,butterfly
1899.jpg,butterfly
19.jpg,chicken
190.jpg,spider
1900.jpg,horse
1901.jpg,horse
1902.jpg,elephant
1903.jpg,cow
1904.jpg,dog
1905.jpg,sheep
1906.jpg,dog
1907.jpg,sheep
1908.jpg,squirrel
1909.jpg,cow
191.jpg,chicken
1910.jpg,dog
1911.jpg,squirrel
1912.jpg,cat
1913.jpg,spider
1914.jpg,dog
1915.jpg,sheep
1916.jpg,cow
1917.jpg,dog
1918.jpg,chicken
1919.jpg,sheep
192.jpg,spider
1920.jpg,chicken
1921.jpg,dog
1922.jpg,cat
1923.jpg,cow
1924.jpg,butterfly
1925.jpg,chicken
1926.jpg,sheep
1927.jpg,spider
1928.jpg,sheep
1929.jpg,sheep
193.jpg,horse
1930.jpg,horse
1931.jpg,chicken
1932.jpg,butterfly
1933.jpg,dog
1934.jpg,sheep
1935.jpg,dog
1936.jpg,cow
1937.jpg,sheep
1938.jpg,cat
1939.jpg,cat
194.jpg,horse
1940.jpg,cow
1941.jpg,butterfly
1942.jpg,spider
1943.jpg,spider
1944.jpg,cat
1945.jpg,dog
1946.jpg,spider
1947.jpg,cat
1948.jpg,spider
1949.jpg,sheep
195.jpg,spider
1950.jpg,chicken
1951.jpg,butterfly
1952.jpg,chicken
1953.jpg,chicken
1954.jpg,sheep
1955.jpg,spider
1956.jpg,squirrel
1957.jpg,cat
1958.jpg,spider
1959.jpg,cow
196.jpg,cat
1960.jpg,dog
1961.jpg,dog
1962.jpg,dog
1963.jpg,chicken
1964.jpg,cow
1965.jpg,horse
1966.jpg,dog
1967.jpg,elephant
1968.jpg,dog
1969.jpg,squirrel
197.jpg,chicken
1970.jpg,horse
1971.jpg,spider
1972.jpg,dog
1973.jpg,cow
1974.jpg,dog
1975.jpg,spider
1976.jpg,spider
1977.jpg,cow
1978.jpg,sheep
1979.jpg,dog
198.jpg,cow
1980.jpg,butterfly
1981.jpg,squirrel
1982.jpg,horse
1983.jpg,sheep
1984.jpg,spider
1985.jpg,spider
1986.jpg,dog
1987.jpg,butterfly
1988.jpg,dog
1989.jpg,squirrel
199.jpg,dog
1990.jpg,dog
1991.jpg,butterfly
1992.jpg,spider
1993.jpg,chicken
1994.jpg,elephant
1995.jpg,chicken
1996.jpg,chicken
1997.jpg,dog
1998.jpg,butterfly
1999.jpg,chicken
2.jpg,chicken
20.jpg,sheep
200.jpg,chicken
2000.jpg,sheep
2001.jpg,spider
2002.jpg,spider
2003.jpg,spider
2004.jpg,spider
2005.jpg,spider
2006.jpg,chicken
2007.jpg,chicken
2008.jpg,chicken
2009.jpg,dog
201.jpg,squirrel
2010.jpg,spider
2011.jpg,squirrel
2012.jpg,chicken
2013.jpg,dog
2014.jpg,dog
2015.jpg,cow
2016.jpg,spider
2017.jpg,spider
2018.jpg,cow
2019.jpg,cow
202.jpg,cow
2020.jpg,spider
2021.jpg,dog
2022.jpg,dog
2023.jpg,spider
2024.jpg,horse
2025.jpg,chicken
2026.jpg,squirrel
2027.jpg,sheep
2028.jpg,dog
2029.jpg,cat
203.jpg,dog
2030.jpg,butterfly
2031.jpg,sheep
2032.jpg,spider
2033.jpg,spider
2034.jpg,cow
2035.jpg,chicken
2036.jpg,dog
2037.jpg,spider
2038.jpg,dog
2039.jpg,dog
204.jpg,chicken
2040.jpg,horse
2041.jpg,dog
2042.jpg,elephant
2043.jpg,dog
2044.jpg,horse
2045.jpg,chicken
2046.jpg,elephant
2047.jpg,chicken
2048.jpg,cow
2049.jpg,butterfly
205.jpg,dog
206.jpg,horse
207.jpg,dog
208.jpg,horse
209.jpg,chicken
21.jpg,cow
210.jpg,cow
211.jpg,dog
212.jpg,spider
213.jpg,butterfly
214.jpg,horse
215.jpg,cat
216.jpg,horse
217.jpg,chicken
218.jpg,chicken
219.jpg,spider
22.jpg,spider
220.jpg,elephant
221.jpg,dog
222.jpg,cat
223.jpg,spider
224.jpg,spider
225.jpg,horse
226.jpg,spider
227.jpg,dog
228.jpg,spider
229.jpg,spider
23.jpg,cow
230.jpg,spider
231.jpg,dog
232.jpg,sheep
233.jpg,dog
234.jpg,chicken
235.jpg,dog
236.jpg,spider
237.jpg,horse
238.jpg,cat
239.jpg,cow
24.jpg,cow
240.jpg,spider
241.jpg,spider
242.jpg,sheep
243.jpg,spider
244.jpg,horse
245.jpg,elephant
246.jpg,sheep
247.jpg,dog
248.jpg,dog
249.jpg,sheep
25.jpg,chicken
250.jpg,cat
251.jpg,butterfly
252.jpg,spider
253.jpg,dog
254.jpg,spider
255.jpg,butterfly
256.jpg,spider
257.jpg,spider
258.jpg,spider
259.jpg,elephant
26.jpg,horse
260.jpg,squirrel
261.jpg,cat
262.jpg,spider
263.jpg,dog
264.jpg,spider
265.jpg,chicken
266.jpg,cow
267.jpg,elephant
268.jpg,horse
269.jpg,chicken
27.jpg,cat
270.jpg,butterfly
271.jpg,sheep
272.jpg,butterfly
273.jpg,spider
274.jpg,chicken
275.jpg,chicken
276.jpg,horse
277.jpg,squirrel
278.jpg,chicken
279.jpg,squirrel
28.jpg,chicken
280.jpg,chicken
281.jpg,butterfly
282.jpg,cat
283.jpg,dog
284.jpg,dog
285.jpg,spider
286.jpg,cow
287.jpg,chicken
288.jpg,dog
289.jpg,cat
29.jpg,dog
290.jpg,dog
291.jpg,cow
292.jpg,butterfly
293.jpg,elephant
294.jpg,chicken
295.jpg,butterfly
296.jpg,dog
297.jpg,butterfly
298.jpg,horse
299.jpg,elephant
3.jpg,cat
30.jpg,dog
300.jpg,squirrel
301.jpg,chicken
302.jpg,horse
303.jpg,elephant
304.jpg,spider
305.jpg,cat
306.jpg,horse
307.jpg,sheep
308.jpg,dog
309.jpg,dog
31.jpg,butterfly
310.jpg,spider
311.jpg,dog
312.jpg,squirrel
313.jpg,spider
314.jpg,butterfly
315.jpg,horse
316.jpg,sheep
317.jpg,dog
318.jpg,chicken
319.jpg,elephant
32.jpg,spider
320.jpg,dog
321.jpg,horse
322.jpg,spider
323.jpg,butterfly
324.jpg,butterfly
325.jpg,sheep
326.jpg,horse
327.jpg,elephant
328.jpg,cat
329.jpg,chicken
33.jpg,dog
330.jpg,dog
331.jpg,elephant
332.jpg,horse
333.jpg,elephant
334.jpg,dog
335.jpg,sheep
336.jpg,sheep
337.jpg,chicken
338.jpg,horse
339.jpg,dog
34.jpg,butterfly
340.jpg,dog
341.jpg,dog
342.jpg,horse
343.jpg,spider
344.jpg,cow
345.jpg,dog
346.jpg,elephant
347.jpg,butterfly
348.jpg,spider
349.jpg,butterfly
35.jpg,spider
350.jpg,spider
351.jpg,squirrel
352.jpg,chicken
353.jpg,spider
354.jpg,horse
355.jpg,cat
356.jpg,cat
357.jpg,sheep
358.jpg,dog
359.jpg,dog
36.jpg,cat
360.jpg,spider
361.jpg,cat
362.jpg,butterfly
363.jpg,butterfly
364.jpg,butterfly
365.jpg,cow
366.jpg,spider
367.jpg,chicken
368.jpg,dog
369.jpg,chicken
37.jpg,spider
370.jpg,squirrel
371.jpg,sheep
372.jpg,dog
373.jpg,elephant
374.jpg,horse
375.jpg,sheep
376.jpg,spider
377.jpg,butterfly
378.jpg,cat
379.jpg,horse
38.jpg,sheep
380.jpg,horse
381.jpg,chicken
382.jpg,cat
383.jpg,sheep
384.jpg,spider
385.jpg,dog
386.jpg,sheep
387.jpg,chicken
388.jpg,dog
389.jpg,sheep
39.jpg,spider
390.jpg,spider
391.jpg,butterfly
392.jpg,squirrel
393.jpg,elephant
394.jpg,spider
395.jpg,cat
396.jpg,dog
397.jpg,spider
398.jpg,butterfly
399.jpg,dog
4.jpg,cow
40.jpg,squirrel
400.jpg,sheep
401.jpg,elephant
402.jpg,butterfly
403.jpg,chicken
404.jpg,sheep
405.jpg,butterfly
406.jpg,chicken
407.jpg,chicken
408.jpg,butterfly
409.jpg,dog
41.jpg,elephant
410.jpg,sheep
411.jpg,butterfly
412.jpg,spider
413.jpg,cat
414.jpg,elephant
415.jpg,chicken
416.jpg,dog
417.jpg,squirrel
418.jpg,butterfly
419.jpg,cat
42.jpg,spider
420.jpg,cow
421.jpg,butterfly
422.jpg,butterfly
423.jpg,dog
424.jpg,cow
425.jpg,chicken
426.jpg,spider
427.jpg,spider
428.jpg,horse
429.jpg,spider
43.jpg,sheep
430.jpg,butterfly
431.jpg,chicken
432.jpg,sheep
433.jpg,cat
434.jpg,horse
435.jpg,elephant
436.jpg,chicken
437.jpg,chicken
438.jpg,dog
439.jpg,cat
44.jpg,butterfly
440.jpg,spider
441.jpg,dog
442.jpg,spider
443.jpg,sheep
444.jpg,spider
445.jpg,elephant
446.jpg,chicken
447.jpg,cat
448.jpg,horse
449.jpg,spider
45.jpg,cat
450.jpg,sheep
451.jpg,spider
452.jpg,chicken
453.jpg,dog
454.jpg,horse
455.jpg,dog
456.jpg,cat
457.jpg,chicken
458.jpg,cow
459.jpg,squirrel
46.jpg,sheep
460.jpg,dog
461.jpg,spider
462.jpg,chicken
463.jpg,horse
464.jpg,elephant
465.jpg,squirrel
466.jpg,sheep
467.jpg,cow
468.jpg,spider
469.jpg,spider
47.jpg,elephant
470.jpg,butterfly
471.jpg,squirrel
472.jpg,chicken
473.jpg,chicken
474.jpg,dog
475.jpg,butterfly
476.jpg,chicken
477.jpg,cow
478.jpg,dog
479.jpg,cat
48.jpg,butterfly
480.jpg,dog
481.jpg,spider
482.jpg,elephant
483.jpg,cow
484.jpg,spider
485.jpg,butterfly
486.jpg,chicken
487.jpg,squirrel
488.jpg,chicken
489.jpg,dog
49.jpg,horse
490.jpg,butterfly
491.jpg,dog
492.jpg,dog
493.jpg,chicken
494.jpg,cat
495.jpg,cow
496.jpg,butterfly
497.jpg,elephant
498.jpg,chicken
499.jpg,butterfly
5.jpg,chicken
50.jpg,cow
500.jpg,cat
501.jpg,dog
502.jpg,squirrel
503.jpg,horse
504.jpg,sheep
505.jpg,chicken
506.jpg,cat
507.jpg,cow
508.jpg,elephant
509.jpg,chicken
51.jpg,chicken
510.jpg,chicken
511.jpg,butterfly
512.jpg,horse
513.jpg,spider
514.jpg,squirrel
515.jpg,dog
516.jpg,cat
517.jpg,horse
518.jpg,spider
519.jpg,dog
52.jpg,butterfly
520.jpg,cow
521.jpg,cow
522.jpg,chicken
523.jpg,sheep
524.jpg,butterfly
525.jpg,cow
526.jpg,sheep
527.jpg,cat
528.jpg,chicken
529.jpg,sheep
53.jpg,squirrel
530.jpg,elephant
531.jpg,cow
532.jpg,sheep
533.jpg,dog
534.jpg,cow
535.jpg,chicken
536.jpg,chicken
537.jpg,spider
538.jpg,horse
539.jpg,sheep
54.jpg,sheep
540.jpg,dog
541.jpg,chicken
542.jpg,squirrel
543.jpg,horse
544.jpg,spider
545.jpg,sheep
546.jpg,horse
547.jpg,chicken
548.jpg,spider
549.jpg,cow
55.jpg,butterfly
550.jpg,horse
551.jpg,cat
552.jpg,dog
553.jpg,elephant
554.jpg,horse
555.jpg,butterfly
556.jpg,chicken
557.jpg,butterfly
558.jpg,dog
559.jpg,spider
56.jpg,cow
560.jpg,horse
561.jpg,butterfly
562.jpg,dog
563.jpg,butterfly
564.jpg,horse
565.jpg,cow
566.jpg,horse
567.jpg,sheep
568.jpg,chicken
569.jpg,horse
57.jpg,chicken
570.jpg,chicken
571.jpg,spider
572.jpg,spider
573.jpg,horse
574.jpg,spider
575.jpg,squirrel
576.jpg,elephant
577.jpg,horse
578.jpg,spider
579.jpg,cat
58.jpg,butterfly
580.jpg,elephant
581.jpg,butterfly
582.jpg,sheep
583.jpg,horse
584.jpg,horse
585.jpg,dog
586.jpg,sheep
587.jpg,spider
588.jpg,chicken
589.jpg,dog
59.jpg,cat
590.jpg,dog
591.jpg,cat
592.jpg,spider
593.jpg,cow
594.jpg,dog
595.jpg,butterfly
596.jpg,horse
597.jpg,horse
598.jpg,chicken
599.jpg,cat
6.jpg,sheep
60.jpg,spider
600.jpg,squirrel
601.jpg,cow
602.jpg,cow
603.jpg,spider
604.jpg,elephant
605.jpg,cat
606.jpg,squirrel
607.jpg,spider
608.jpg,chicken
609.jpg,squirrel
61.jpg,horse
610.jpg,cow
611.jpg,spider
612.jpg,sheep
613.jpg,sheep
614.jpg,dog
615.jpg,horse
616.jpg,dog
617.jpg,spider
618.jpg,elephant
619.jpg,cow
62.jpg,horse
620.jpg,spider
621.jpg,dog
622.jpg,elephant
623.jpg,cow
624.jpg,spider
625.jpg,horse
626.jpg,butterfly
627.jpg,chicken
628.jpg,butterfly
629.jpg,spider
63.jpg,cow
630.jpg,horse
631.jpg,spider
632.jpg,dog
633.jpg,cat
634.jpg,sheep
635.jpg,chicken
636.jpg,chicken
637.jpg,chicken
638.jpg,butterfly
639.jpg,chicken
64.jpg,spider
640.jpg,cat
641.jpg,chicken
642.jpg,chicken
643.jpg,chicken
644.jpg,cat
645.jpg,sheep
646.jpg,chicken
647.jpg,dog
648.jpg,cat
649.jpg,spider
65.jpg,spider
650.jpg,chicken
651.jpg,chicken
652.jpg,cow
653.jpg,butterfly
654.jpg,dog
655.jpg,elephant
656.jpg,butterfly
657.jpg,dog
658.jpg,horse
659.jpg,horse
66.jpg,chicken
660.jpg,elephant
661.jpg,dog
662.jpg,cat
663.jpg,spider
664.jpg,spider
665.jpg,dog
666.jpg,sheep
667.jpg,chicken
668.jpg,spider
669.jpg,dog
67.jpg,chicken
670.jpg,cat
671.jpg,chicken
672.jpg,horse
673.jpg,spider
674.jpg,horse
675.jpg,sheep
676.jpg,squirrel
677.jpg,horse
678.jpg,dog
679.jpg,horse
68.jpg,sheep
680.jpg,chicken
681.jpg,horse
682.jpg,sheep
683.jpg,dog
684.jpg,dog
685.jpg,elephant
686.jpg,sheep
687.jpg,spider
688.jpg,butterfly
689.jpg,squirrel
69.jpg,elephant
690.jpg,cow
691.jpg,cow
692.jpg,cat
693.jpg,sheep
694.jpg,dog
695.jpg,spider
696.jpg,sheep
697.jpg,dog
698.jpg,dog
699.jpg,spider
7.jpg,spider
70.jpg,chicken
700.jpg,cat
701.jpg,chicken
702.jpg,dog
703.jpg,sheep
704.jpg,dog
705.jpg,chicken
706.jpg,cat
707.jpg,dog
708.jpg,elephant
709.jpg,spider
71.jpg,cow
710.jpg,chicken
711.jpg,chicken
712.jpg,dog
713.jpg,cat
714.jpg,cat
715.jpg,horse
716.jpg,horse
717.jpg,butterfly
718.jpg,horse
719.jpg,butterfly
72.jpg,spider
720.jpg,horse
721.jpg,cat
722.jpg,cat
723.jpg,elephant
724.jpg,dog
725.jpg,squirrel
726.jpg,horse
727.jpg,spider
728.jpg,chicken
729.jpg,chicken
73.jpg,cat
730.jpg,dog
731.jpg,butterfly
732.jpg,chicken
733.jpg,spider
734.jpg,chicken
735.jpg,dog
736.jpg,sheep
737.jpg,chicken
738.jpg,spider
739.jpg,elephant
74.jpg,cat
740.jpg,horse
741.jpg,butterfly
742.jpg,dog
743.jpg,cow
744.jpg,spider
745.jpg,dog
746.jpg,horse
747.jpg,butterfly
748.jpg,cat
749.jpg,dog
75.jpg,dog
750.jpg,sheep
751.jpg,cow
752.jpg,horse
753.jpg,spider
754.jpg,sheep
755.jpg,butterfly
756.jpg,cat
757.jpg,dog
758.jpg,chicken
759.jpg,horse
76.jpg,elephant
760.jpg,chicken
761.jpg,squirrel
762.jpg,elephant
763.jpg,squirrel
764.jpg,elephant
765.jpg,squirrel
766.jpg,squirrel
767.jpg,sheep
768.jpg,cat
769.jpg,chicken
77.jpg,chicken
770.jpg,spider
771.jpg,dog
772.jpg,dog
773.jpg,squirrel
774.jpg,butterfly
775.jpg,butterfly
776.jpg,cow
777.jpg,spider
778.jpg,chicken
779.jpg,dog
78.jpg,chicken
780.jpg,dog
781.jpg,dog
782.jpg,chicken
783.jpg,sheep
784.jpg,chicken
785.jpg,dog
786.jpg,dog
787.jpg,dog
788.jpg,dog
789.jpg,chicken
79.jpg,spider
790.jpg,cat
791.jpg,dog
792.jpg,spider
793.jpg,dog
794.jpg,elephant
795.jpg,cat
796.jpg,chicken
797.jpg,dog
798.jpg,spider
799.jpg,horse
8.jpg,chicken
80.jpg,dog
800.jpg,butterfly
801.jpg,spider
802.jpg,chicken
803.jpg,squirrel
804.jpg,sheep
805.jpg,spider
806.jpg,elephant
807.jpg,elephant
808.jpg,elephant
809.jpg,dog
81.jpg,sheep
810.jpg,cat
811.jpg,squirrel
812.jpg,horse
813.jpg,cow
814.jpg,horse
815.jpg,dog
816.jpg,dog
817.jpg,dog
818.jpg,dog
819.jpg,chicken
82.jpg,chicken
820.jpg,cow
821.jpg,sheep
822.jpg,cow
823.jpg,spider
824.jpg,spider
825.jpg,horse
826.jpg,cow
827.jpg,chicken
828.jpg,horse
829.jpg,elephant
83.jpg,spider
830.jpg,sheep
831.jpg,chicken
832.jpg,chicken
833.jpg,spider
834.jpg,spider
835.jpg,sheep
836.jpg,chicken
837.jpg,horse
838.jpg,squirrel
839.jpg,spider
84.jpg,squirrel
840.jpg,spider
841.jpg,chicken
842.jpg,cow
843.jpg,dog
844.jpg,chicken
845.jpg,spider
846.jpg,sheep
847.jpg,cat
848.jpg,dog
849.jpg,butterfly
85.jpg,dog
850.jpg,horse
851.jpg,sheep
852.jpg,horse
853.jpg,dog
854.jpg,horse
855.jpg,cat
856.jpg,dog
857.jpg,squirrel
858.jpg,squirrel
859.jpg,elephant
86.jpg,dog
860.jpg,cat
861.jpg,horse
862.jpg,squirrel
863.jpg,cow
864.jpg,cat
865.jpg,dog
866.jpg,chicken
867.jpg,dog
868.jpg,butterfly
869.jpg,horse
87.jpg,cow
870.jpg,cat
871.jpg,spider
872.jpg,spider
873.jpg,squirrel
874.jpg,chicken
875.jpg,butterfly
876.jpg,chicken
877.jpg,cat
878.jpg,cow
879.jpg,dog
88.jpg,elephant
880.jpg,dog
881.jpg,cat
882.jpg,spider
883.jpg,chicken
884.jpg,spider
885.jpg,chicken
886.jpg,sheep
887.jpg,cow
888.jpg,chicken
889.jpg,elephant
89.jpg,dog
890.jpg,butterfly
891.jpg,chicken
892.jpg,chicken
893.jpg,horse
894.jpg,butterfly
895.jpg,cat
896.jpg,squirrel
897.jpg,cow
898.jpg,chicken
899.jpg,spider
9.jpg,butterfly
90.jpg,dog
900.jpg,dog
901.jpg,chicken
902.jpg,spider
903.jpg,spider
904.jpg,dog
905.jpg,spider
906.jpg,cow
907.jpg,sheep
908.jpg,dog
909.jpg,chicken
91.jpg,butterfly
910.jpg,spider
911.jpg,horse
912.jpg,sheep
913.jpg,cow
914.jpg,spider
915.jpg,butterfly
916.jpg,butterfly
917.jpg,chicken
918.jpg,sheep
919.jpg,dog
92.jpg,spider
920.jpg,spider
921.jpg,dog
922.jpg,dog
923.jpg,elephant
924.jpg,spider
925.jpg,dog
926.jpg,chicken
927.jpg,dog
928.jpg,chicken
929.jpg,spider
93.jpg,chicken
930.jpg,dog
931.jpg,spider
932.jpg,dog
933.jpg,cat
934.jpg,cat
935.jpg,cow
936.jpg,dog
937.jpg,dog
938.jpg,spider
939.jpg,cow
94.jpg,cat
940.jpg,cat
941.jpg,sheep
942.jpg,cat
943.jpg,butterfly
944.jpg,dog
945.jpg,spider
946.jpg,cow
947.jpg,spider
948.jpg,chicken
949.jpg,elephant
95.jpg,spider
950.jpg,butterfly
951.jpg,squirrel
952.jpg,chicken
953.jpg,dog
954.jpg,squirrel
955.jpg,elephant
956.jpg,horse
957.jpg,sheep
958.jpg,cat
959.jpg,cat
96.jpg,spider
960.jpg,chicken
961.jpg,butterfly
962.jpg,dog
963.jpg,chicken
964.jpg,butterfly
965.jpg,squirrel
966.jpg,dog
967.jpg,dog
968.jpg,butterfly
969.jpg,elephant
97.jpg,chicken
970.jpg,butterfly
971.jpg,chicken
972.jpg,chicken
973.jpg,spider
974.jpg,dog
975.jpg,spider
976.jpg,elephant
977.jpg,chicken
978.jpg,spider
979.jpg,butterfly
98.jpg,spider
980.jpg,spider
981.jpg,cat
982.jpg,chicken
983.jpg,chicken
984.jpg,elephant
985.jpg,cat
986.jpg,spider
987.jpg,sheep
988.jpg,chicken
989.jpg,horse
99.jpg,horse
990.jpg,chicken
991.jpg,butterfly
992.jpg,dog
993.jpg,dog
994.jpg,butterfly
995.jpg,spider
996.jpg,cow
997.jpg,chicken
998.jpg,sheep
999.jpg,chicken
